SUBSCRIPTION_ID;TRANSACTION_ID;PACKAGE_ID;AMOUNT;TIME_STAMP
19422461166;69494972628;p-svmobi-gamebar-c-01;7.00;11/07/2026 06:38:40;RENEWAL
15271826185;69494892217;p-svmobi-fitnesstips-c-01;5.00;11/07/2026 06:32:34;RENEWAL
19495024310;69495073520;p-svmobi-gamebar-c-01;7.00;11/07/2026 06:48:41;RENEWAL
15738726654;69504833992;p-svmobi-fitnesstips-c-01;5.00;11/07/2026 16:48:52;RENEWAL
14500667962;69494913803;p-svmobi-worldforher-c-01;4.40;11/07/2026 06:34:11;RENEWAL
12185592053;69494961946;p-svmobi-worldforher-c-01;5.00;11/07/2026 06:37:30;RENEWAL
10373617595;69494966034;p-svmobi-worldforher-c-01;5.00;11/07/2026 06:37:59;RENEWAL
14368626720;69494974193;p-svmobi-fitnesstips-c-01;5.00;11/07/2026 06:38:50;RENEWAL
14968976444;69494880895;p-svmobi-fitnesstips-c-01;5.00;11/07/2026 06:31:43;RENEWAL
14354847350;69494910674;p-svmobi-fitnesstips-c-01;5.00;11/07/2026 06:33:58;RENEWAL
15378608775;69494971562;p-svmobi-gamebar-c-01;5.00;11/07/2026 06:38:33;RENEWAL
15429153060;69504387382;p-svmobi-gamebar-c-01;5.00;11/07/2026 16:13:35;RENEWAL
19421855272;69499473645;p-svmobi-gamebar-c-01;7.00;11/07/2026 13:10:48;RENEWAL
19419856031;69495053070;p-svmobi-gamebar-c-01;7.00;11/07/2026 06:47:15;RENEWAL
14476728626;69495271109;p-svmobi-worldforher-c-01;5.00;11/07/2026 07:08:45;RENEWAL
15270245434;69495285332;p-svmobi-worldforher-c-01;5.00;11/07/2026 07:10:19;RENEWAL
19139435319;69494931627;p-svmobi-gamebar-c-01;5.00;11/07/2026 06:35:23;RENEWAL
19421446987;69495035321;p-svmobi-gamebar-c-01;7.00;11/07/2026 06:45:42;RENEWAL
14272149876;69494970102;p-svmobi-worldforher-c-01;5.00;11/07/2026 06:38:24;RENEWAL
15377060965;69504831308;p-svmobi-worldforher-c-01;5.00;11/07/2026 16:48:20;RENEWAL
14318036774;69494948486;p-svmobi-fitnesstips-c-01;5.00;11/07/2026 06:36:30;RENEWAL
15290231701;69494878607;p-svmobi-fitnesstips-c-01;5.00;11/07/2026 06:31:34;RENEWAL
14659367025;69494895583;p-svmobi-worldforher-c-01;5.00;11/07/2026 06:32:50;RENEWAL
14319805796;69494965458;p-svmobi-gamebar-c-01;5.00;11/07/2026 06:37:56;RENEWAL
14490391254;69495271730;p-svmobi-worldforher-c-01;5.00;11/07/2026 07:08:49;RENEWAL
13656473024;69494963347;p-svmobi-fitnesstips-c-01;5.00;11/07/2026 06:37:37;RENEWAL
5662478649;69504825652;p-svmobi-beautytips-c-01;1.23;11/07/2026 16:46:37;RENEWAL
12114938477;69494960481;p-svmobi-gamebar-c-01;5.00;11/07/2026 06:37:23;RENEWAL
19415768531;69495051129;p-svmobi-gamebar-c-01;7.00;11/07/2026 06:47:07;RENEWAL
19421561377;69495085585;p-svmobi-gamebar-c-01;7.00;11/07/2026 06:49:36;RENEWAL
14318035184;69494970971;p-svmobi-worldforher-c-01;5.00;11/07/2026 06:38:29;RENEWAL
13769810332;69494966361;p-svmobi-worldforher-c-01;5.00;11/07/2026 06:38:01;RENEWAL
